"İl, medeni durum ve cinsiyete göre nüfus, 2022-2023",,,,,,,,,,,,,,,,,,,,
"Population by province, marital status and sex, 2022-2023",,,,,,,,,,,,,,,,,,,,
[15 ve daha yukarı yaştaki nüfus-Population 15 years of age and over],,,,,,,,,,,,,,,,,,,,
"Yıl
Year",İl-Provinces,Toplam-Total,,,,Hiç evlenmedi-Never married,,,,Evli-Married,,,,Boşandı-Divorced,,,,Eşi öldü-Widowed,,
,,"Toplam
Total","Erkek
Male","Kadın
Female",,"Toplam
Total","Erkek
Male","Kadın
Female",,"Toplam
Total","Erkek
Male","Kadın
Female",,"Toplam
Total","Erkek
Male","Kadın
Female",,"Toplam
Total","Erkek
Male","Kadın
Female"
2023,Toplam-Total,67 060 744,33 339 609,33 721 135,,19 231 798,10 911 913,8 319 885,,40 876 455,20 460 478,20 415 977,,3 205 212,1 415 476,1 789 736,,3 747 279, 551 742,3 195 537
,Adana,1 743 190, 864 808, 878 382,, 503 762, 286 689, 217 073,,1 045 322, 521 401, 523 921,, 97 420, 42 815, 54 605,, 96 686, 13 903, 82 783
,Adıyaman, 440 213, 222 292, 217 921,, 134 385, 76 780, 57 605,, 274 998, 137 699, 137 299,, 9 370, 4 088, 5 282,, 21 460, 3 725, 17 735
,Afyonkarahisar, 597 939, 295 915, 302 024,, 143 934, 81 888, 62 046,, 388 885, 195 685, 193 200,, 22 994, 11 478, 11 516,, 42 126, 6 864, 35 262
,Ağrı, 347 738, 182 119, 165 619,, 125 193, 74 649, 50 544,, 204 261, 103 026, 101 235,, 4 157, 2 111, 2 046,, 14 127, 2 333, 11 794
,Amasya, 280 984, 137 991, 142 993,, 65 754, 37 559, 28 195,, 181 740, 91 464, 90 276,, 10 542, 5 207, 5 335,, 22 948, 3 761, 19 187
,Ankara,4 693 594,2 290 827,2 402 767,,1 337 167, 736 117, 601 050,,2 837 059,1 409 194,1 427 865,, 280 714, 114 115, 166 599,, 238 654, 31 401, 207 253
,Antalya,2 159 717,1 080 999,1 078 718,, 592 681, 340 589, 252 092,,1 313 092, 658 809, 654 283,, 154 227, 67 522, 86 705,, 99 717, 14 079, 85 638
,Artvin, 146 062, 72 924, 73 138,, 38 629, 22 074, 16 555,, 90 451, 46 251, 44 200,, 4 445, 2 529, 1 916,, 12 537, 2 070, 10 467
,Aydın, 952 792, 469 189, 483 603,, 227 983, 133 888, 94 095,, 592 298, 296 851, 295 447,, 62 518, 28 746, 33 772,, 69 993, 9 704, 60 289
,Balıkesir,1 071 553, 530 581, 540 972,, 233 602, 141 992, 91 610,, 684 640, 344 154, 340 486,, 63 794, 30 236, 33 558,, 89 517, 14 199, 75 318
,Bilecik, 186 602, 94 356, 92 246,, 47 826, 28 769, 19 057,, 117 850, 59 436, 58 414,, 7 737, 3 934, 3 803,, 13 189, 2 217, 10 972
,Bingöl, 214 336, 107 474, 106 862,, 73 828, 40 244, 33 584,, 127 290, 64 137, 63 153,, 3 248, 1 464, 1 784,, 9 970, 1 629, 8 341
,Bitlis, 250 448, 129 630, 120 818,, 89 653, 51 791, 37 862,, 148 583, 74 972, 73 611,, 2 359, 1 119, 1 240,, 9 853, 1 748, 8 105
,Bolu, 271 235, 133 815, 137 420,, 72 437, 39 986, 32 451,, 168 618, 85 076, 83 542,, 11 297, 5 523, 5 774,, 18 883, 3 230, 15 653
,Burdur, 233 087, 115 638, 117 449,, 58 793, 34 283, 24 510,, 146 243, 73 767, 72 476,, 10 031, 4 963, 5 068,, 18 020, 2 625, 15 395
,Bursa,2 558 788,1 268 496,1 290 292,, 648 877, 378 050, 270 827,,1 633 937, 814 695, 819 242,, 123 467, 53 386, 70 081,, 152 507, 22 365, 130 142
,Çanakkale, 483 824, 240 844, 242 980,, 116 633, 69 978, 46 655,, 301 774, 151 921, 149 853,, 26 546, 12 883, 13 663,, 38 871, 6 062, 32 809
,Çankırı, 171 406, 85 515, 85 891,, 40 023, 22 553, 17 470,, 112 123, 57 573, 54 550,, 5 587, 2 933, 2 654,, 13 673, 2 456, 11 217
,Çorum, 435 108, 213 945, 221 163,, 95 302, 54 901, 40 401,, 286 776, 144 516, 142 260,, 17 562, 8 771, 8 791,, 35 468, 5 757, 29 711
,Denizli, 861 333, 425 397, 435 936,, 206 116, 121 117, 84 999,, 548 494, 273 737, 274 757,, 49 854, 22 558, 27 296,, 56 869, 7 985, 48 884
,Diyarbakır,1 254 800, 630 394, 624 406,, 461 909, 251 861, 210 048,, 725 654, 362 209, 363 445,, 21 818, 9 322, 12 496,, 45 419, 7 002, 38 417
,Edirne, 359 441, 179 524, 179 917,, 90 725, 54 059, 36 666,, 220 050, 111 081, 108 969,, 18 219, 9 325, 8 894,, 30 447, 5 059, 25 388
,Elazığ, 478 805, 234 237, 244 568,, 145 753, 78 922, 66 831,, 288 822, 144 316, 144 506,, 15 696, 6 775, 8 921,, 28 534, 4 224, 24 310
,Erzincan, 199 441, 101 717, 97 724,, 60 336, 35 068, 25 268,, 118 493, 60 837, 57 656,, 7 225, 3 629, 3 596,, 13 387, 2 183, 11 204
,Erzurum, 572 103, 281 370, 290 733,, 187 669, 100 702, 86 967,, 339 161, 169 985, 169 176,, 11 120, 5 185, 5 935,, 34 153, 5 498, 28 655
,Eskişehir, 759 724, 374 245, 385 479,, 206 848, 118 769, 88 079,, 454 883, 227 428, 227 455,, 45 995, 20 516, 25 479,, 51 998, 7 532, 44 466
,Gaziantep,1 513 996, 759 491, 754 505,, 449 834, 254 736, 195 098,, 951 392, 474 809, 476 583,, 50 520, 21 020, 29 500,, 62 250, 8 926, 53 324
,Giresun, 391 177, 194 466, 196 711,, 96 132, 55 747, 40 385,, 244 407, 124 758, 119 649,, 16 539, 8 798, 7 741,, 34 099, 5 163, 28 936
,Gümüşhane, 124 642, 62 437, 62 205,, 40 121, 21 760, 18 361,, 73 076, 37 590, 35 486,, 3 091, 1 743, 1 348,, 8 354, 1 344, 7 010
,Hakkari, 212 216, 115 498, 96 718,, 97 223, 57 393, 39 830,, 107 670, 56 361, 51 309,, 1 503,  908,  595,, 5 820,  836, 4 984
,Hatay,1 148 762, 578 839, 569 923,, 330 180, 192 081, 138 099,, 715 248, 358 461, 356 787,, 42 698, 19 113, 23 585,, 60 636, 9 184, 51 452
,Isparta, 371 683, 182 428, 189 255,, 99 571, 55 639, 43 932,, 230 987, 115 688, 115 299,, 15 627, 7 200, 8 427,, 25 498, 3 901, 21 597
,Mersin,1 516 543, 752 706, 763 837,, 421 986, 240 661, 181 325,, 921 586, 461 430, 460 156,, 89 491, 38 593, 50 898,, 83 480, 12 022, 71 458
,İstanbul,12 524 750,6 199 065,6 325 685,,4 002 364,2 229 806,1 772 558,,7 263 025,3 606 228,3 656 797,, 705 408, 290 784, 414 624,, 553 953, 72 247, 481 706
,İzmir,3 701 733,1 821 958,1 879 775,, 970 187, 563 936, 406 251,,2 207 233,1 101 200,1 106 033,, 290 876, 125 693, 165 183,, 233 437, 31 129, 202 308
,Kars, 211 018, 109 363, 101 655,, 71 250, 42 078, 29 172,, 124 392, 63 279, 61 113,, 3 882, 2 048, 1 834,, 11 494, 1 958, 9 536
,Kastamonu, 330 949, 162 169, 168 780,, 75 410, 41 461, 33 949,, 212 568, 108 333, 104 235,, 12 292, 6 402, 5 890,, 30 679, 5 973, 24 706
,Kayseri,1 127 629, 559 117, 568 512,, 300 313, 171 722, 128 591,, 715 719, 357 148, 358 571,, 48 240, 21 519, 26 721,, 63 357, 8 728, 54 629
,Kırklareli, 320 106, 161 291, 158 815,, 78 148, 48 057, 30 091,, 199 214, 100 370, 98 844,, 16 983, 8 687, 8 296,, 25 761, 4 177, 21 584
,Kırşehir, 201 845, 99 590, 102 255,, 53 135, 29 779, 23 356,, 125 639, 63 530, 62 109,, 8 781, 4 393, 4 388,, 14 290, 1 888, 12 402
,Kocaeli,1 640 832, 823 809, 817 023,, 447 345, 262 189, 185 156,,1 037 635, 516 965, 520 670,, 75 459, 32 932, 42 527,, 80 393, 11 723, 68 670
,Konya,1 801 628, 886 222, 915 406,, 473 033, 264 148, 208 885,,1 153 931, 576 715, 577 216,, 71 861, 30 634, 41 227,, 102 803, 14 725, 88 078
,Kütahya, 481 772, 236 579, 245 193,, 115 517, 65 940, 49 577,, 309 460, 155 418, 154 042,, 18 512, 9 012, 9 500,, 38 283, 6 209, 32 074
,Malatya, 589 150, 294 928, 294 222,, 173 858, 97 182, 76 676,, 360 095, 182 835, 177 260,, 19 846, 9 359, 10 487,, 35 351, 5 552, 29 799
,Manisa,1 190 365, 594 617, 595 748,, 276 946, 167 952, 108 994,, 773 479, 387 063, 386 416,, 55 639, 26 567, 29 072,, 84 301, 13 035, 71 266
,Kahramanmaraş, 833 767, 423 076, 410 691,, 226 675, 133 047, 93 628,, 538 828, 270 359, 268 469,, 27 326, 12 522, 14 804,, 40 938, 7 148, 33 790
,Mardin, 605 289, 301 348, 303 941,, 226 824, 120 556, 106 268,, 347 838, 174 187, 173 651,, 8 286, 3 444, 4 842,, 22 341, 3 161, 19 180
,Muğla, 887 189, 449 436, 437 753,, 220 144, 133 080, 87 064,, 547 215, 276 358, 270 857,, 69 039, 32 580, 36 459,, 50 791, 7 418, 43 373
,Muş, 273 308, 139 037, 134 271,, 100 207, 56 254, 43 953,, 160 109, 79 852, 80 257,, 2 472, 1 149, 1 323,, 10 520, 1 782, 8 738
,Nevşehir, 254 507, 124 182, 130 325,, 63 320, 34 552, 28 768,, 162 264, 81 635, 80 629,, 11 737, 5 384, 6 353,, 17 186, 2 611, 14 575
,Niğde, 295 371, 147 020, 148 351,, 79 409, 45 243, 34 166,, 185 869, 93 727, 92 142,, 11 639, 5 421, 6 218,, 18 454, 2 629, 15 825
,Ordu, 640 027, 316 811, 323 216,, 145 058, 83 319, 61 739,, 421 237, 212 621, 208 616,, 23 469, 11 955, 11 514,, 50 263, 8 916, 41 347
,Rize, 290 364, 144 403, 145 961,, 82 222, 46 953, 35 269,, 176 014, 89 772, 86 242,, 9 030, 4 727, 4 303,, 23 098, 2 951, 20 147
,Sakarya, 877 025, 436 963, 440 062,, 238 779, 137 501, 101 278,, 545 531, 273 493, 272 038,, 38 502, 17 749, 20 753,, 54 213, 8 220, 45 993
,Samsun,1 121 269, 550 163, 571 106,, 287 046, 160 709, 126 337,, 708 392, 353 963, 354 429,, 48 486, 22 073, 26 413,, 77 345, 13 418, 63 927
,Siirt, 240 611, 126 228, 114 383,, 95 934, 54 986, 40 948,, 134 008, 69 054, 64 954,, 2 239, 1 010, 1 229,, 8 430, 1 178, 7 252
,Sinop, 194 398, 96 111, 98 287,, 44 159, 24 872, 19 287,, 124 109, 63 480, 60 629,, 8 416, 4 404, 4 012,, 17 714, 3 355, 14 359
,Sivas, 527 924, 262 235, 265 689,, 148 422, 82 852, 65 570,, 324 649, 164 470, 160 179,, 17 377, 8 650, 8 727,, 37 476, 6 263, 31 213
,Tekirdağ, 928 984, 472 865, 456 119,, 231 257, 142 685, 88 572,, 597 713, 299 367, 298 346,, 48 086, 22 528, 25 558,, 51 928, 8 285, 43 643
,Tokat, 498 904, 245 602, 253 302,, 124 616, 70 456, 54 160,, 317 245, 159 741, 157 504,, 16 738, 8 568, 8 170,, 40 305, 6 837, 33 468
,Trabzon, 671 713, 330 855, 340 858,, 189 171, 105 047, 84 124,, 416 155, 209 693, 206 462,, 20 138, 9 326, 10 812,, 46 249, 6 789, 39 460
,Tunceli, 76 747, 40 614, 36 133,, 23 740, 14 350, 9 390,, 43 503, 23 092, 20 411,, 4 348, 2 331, 2 017,, 5 156,  841, 4 315
,Şanlıurfa,1 376 807, 688 402, 688 405,, 488 428, 263 099, 225 329,, 821 396, 410 643, 410 753,, 21 720, 8 679, 13 041,, 45 263, 5 981, 39 282
,Uşak, 310 756, 153 001, 157 755,, 72 638, 41 078, 31 560,, 199 469, 100 006, 99 463,, 17 495, 8 269, 9 226,, 21 154, 3 648, 17 506
,Van, 778 955, 397 436, 381 519,, 284 668, 160 753, 123 915,, 457 630, 228 630, 229 000,, 8 457, 3 671, 4 786,, 28 200, 4 382, 23 818
,Yozgat, 343 281, 170 388, 172 893,, 87 484, 49 107, 38 377,, 218 085, 110 809, 107 276,, 12 096, 6 475, 5 621,, 25 616, 3 997, 21 619
,Zonguldak, 498 785, 246 444, 252 341,, 126 114, 71 559, 54 555,, 311 093, 156 706, 154 387,, 24 725, 12 129, 12 596,, 36 853, 6 050, 30 803
,Aksaray, 336 779, 167 085, 169 694,, 87 426, 49 527, 37 899,, 215 596, 108 232, 107 364,, 15 185, 6 782, 8 403,, 18 572, 2 544, 16 028
,Bayburt, 70 329, 35 613, 34 716,, 24 776, 13 697, 11 079,, 40 020, 20 491, 19 529,, 1 344,  714,  630,, 4 189,  711, 3 478
,Karaman, 209 961, 103 825, 106 136,, 56 300, 31 585, 24 715,, 130 807, 65 663, 65 144,, 10 017, 4 651, 5 366,, 12 837, 1 926, 10 911
,Kırıkkale, 236 387, 117 216, 119 171,, 63 379, 35 979, 27 400,, 144 422, 73 036, 71 386,, 11 708, 5 767, 5 941,, 16 878, 2 434, 14 444
,Batman, 444 843, 224 309, 220 534,, 175 171, 94 979, 80 192,, 249 410, 124 960, 124 450,, 5 566, 2 329, 3 237,, 14 696, 2 041, 12 655
,Şırnak, 378 632, 201 067, 177 565,, 166 693, 95 306, 71 387,, 198 220, 102 862, 95 358,, 3 372, 1 666, 1 706,, 10 347, 1 233, 9 114
,Bartın, 175 988, 87 022, 88 966,, 43 753, 24 563, 19 190,, 110 976, 56 185, 54 791,, 7 636, 3 897, 3 739,, 13 623, 2 377, 11 246
,Ardahan, 75 194, 39 190, 36 004,, 21 590, 13 284, 8 306,, 46 143, 23 681, 22 462,, 1 738, 1 084,  654,, 5 723, 1 141, 4 582
,Iğdır, 153 880, 81 092, 72 788,, 53 746, 32 427, 21 319,, 88 648, 45 495, 43 153,, 4 478, 2 168, 2 310,, 7 008, 1 002, 6 006
,Yalova, 246 917, 122 533, 124 384,, 68 576, 39 463, 29 113,, 148 013, 74 303, 73 710,, 15 368, 6 658, 8 710,, 14 960, 2 109, 12 851
,Karabük, 216 794, 108 571, 108 223,, 66 147, 37 861, 28 286,, 126 054, 63 625, 62 429,, 9 069, 4 539, 4 530,, 15 524, 2 546, 12 978
,Kilis, 113 315, 56 723, 56 592,, 34 456, 18 767, 15 689,, 69 536, 35 616, 33 920,, 3 152, 1 473, 1 679,, 6 171,  867, 5 304
,Osmaniye, 421 026, 210 220, 210 806,, 117 420, 66 953, 50 467,, 266 383, 132 896, 133 487,, 14 624, 6 895, 7 729,, 22 599, 3 476, 19 123
,Düzce, 329 659, 163 708, 165 951,, 87 679, 49 919, 37 760,, 205 622, 103 374, 102 248,, 14 944, 7 271, 7 673,, 21 414, 3 144, 18 270
2022,Toplam-Total,66 544 442,33 091 390,33 453 052,,19 019 325,10 797 799,8 221 526,,40 772 417,20 412 021,20 360 396,,3 059 626,1 343 950,1 715 676,,3 693 074, 537 620,3 155 454
,Adana,1 734 859, 860 854, 874 005,, 501 353, 285 179, 216 174,,1 044 296, 521 299, 522 997,, 94 040, 40 999, 53 041,, 95 170, 13 377, 81 793
,Adıyaman, 457 552, 229 221, 228 331,, 139 805, 78 970, 60 835,, 287 229, 143 105, 144 124,, 9 433, 3 980, 5 453,, 21 085, 3 166, 17 919
,Afyonkarahisar, 591 863, 293 557, 298 306,, 142 831, 81 665, 61 166,, 385 939, 194 455, 191 484,, 21 407, 10 670, 10 737,, 41 686, 6 767, 34 919
,Ağrı, 342 217, 178 410, 163 807,, 122 051, 72 873, 49 178,, 202 571, 101 406, 101 165,, 3 593, 1 822, 1 771,, 14 002, 2 309, 11 693
,Amasya, 279 048, 138 514, 140 534,, 67 419, 39 549, 27 870,, 179 074, 90 348, 88 726,, 9 845, 4 885, 4 960,, 22 710, 3 732, 18 978
,Ankara,4 644 055,2 272 286,2 371 769,,1 305 143, 722 118, 583 025,,2 836 580,1 411 060,1 425 520,, 267 983, 108 731, 159 252,, 234 349, 30 377, 203 972
,Antalya,2 140 395,1 069 847,1 070 548,, 587 691, 334 959, 252 732,,1 307 007, 656 708, 650 299,, 148 280, 64 523, 83 757,, 97 417, 13 657, 83 760
,Artvin, 142 849, 71 382, 71 467,, 37 992, 21 865, 16 127,, 88 311, 45 150, 43 161,, 4 085, 2 313, 1 772,, 12 461, 2 054, 10 407
,Aydın, 938 069, 461 354, 476 715,, 222 937, 130 600, 92 337,, 587 108, 294 009, 293 099,, 59 192, 27 235, 31 957,, 68 832, 9 510, 59 322
,Balıkesir,1 055 017, 522 336, 532 681,, 229 550, 139 269, 90 281,, 676 998, 340 604, 336 394,, 60 460, 28 574, 31 886,, 88 009, 13 889, 74 120
,Bilecik, 187 159, 96 441, 90 718,, 49 510, 30 772, 18 738,, 117 284, 59 675, 57 609,, 7 362, 3 811, 3 551,, 13 003, 2 183, 10 820
,Bingöl, 210 326, 105 575, 104 751,, 73 022, 39 923, 33 099,, 124 673, 62 766, 61 907,, 2 912, 1 332, 1 580,, 9 719, 1 554, 8 165
,Bitlis, 244 522, 126 627, 117 895,, 87 125, 50 389, 36 736,, 145 708, 73 520, 72 188,, 2 085, 1 038, 1 047,, 9 604, 1 680, 7 924
,Bolu, 266 432, 130 695, 135 737,, 70 517, 38 538, 31 979,, 166 628, 83 953, 82 675,, 10 506, 5 015, 5 491,, 18 781, 3 189, 15 592
,Burdur, 229 711, 113 848, 115 863,, 57 797, 33 657, 24 140,, 144 887, 73 150, 71 737,, 9 197, 4 486, 4 711,, 17 830, 2 555, 15 275
,Bursa,2 530 248,1 254 002,1 276 246,, 640 608, 372 094, 268 514,,1 622 844, 809 511, 813 333,, 117 045, 50 496, 66 549,, 149 751, 21 901, 127 850
,Çanakkale, 472 766, 234 962, 237 804,, 112 220, 66 820, 45 400,, 297 725, 150 117, 147 608,, 24 793, 12 118, 12 675,, 38 028, 5 907, 32 121
,Çankırı, 162 288, 81 347, 80 941,, 38 552, 22 014, 16 538,, 105 273, 54 239, 51 034,, 5 199, 2 739, 2 460,, 13 264, 2 355, 10 909
,Çorum, 429 025, 211 470, 217 555,, 94 725, 54 879, 39 846,, 282 814, 142 687, 140 127,, 16 299, 8 157, 8 142,, 35 187, 5 747, 29 440
,Denizli, 855 246, 422 260, 432 986,, 204 865, 120 248, 84 617,, 546 253, 272 629, 273 624,, 48 052, 21 566, 26 486,, 56 076, 7 817, 48 259
,Diyarbakır,1 233 198, 617 731, 615 467,, 452 438, 245 503, 206 935,, 716 298, 357 026, 359 272,, 19 892, 8 389, 11 503,, 44 570, 6 813, 37 757
,Edirne, 354 102, 177 086, 177 016,, 88 809, 53 092, 35 717,, 218 135, 110 202, 107 933,, 17 160, 8 800, 8 360,, 29 998, 4 992, 25 006
,Elazığ, 466 025, 227 844, 238 181,, 142 507, 76 924, 65 583,, 280 938, 140 488, 140 450,, 14 570, 6 296, 8 274,, 28 010, 4 136, 23 874
,Erzincan, 194 862, 98 360, 96 502,, 59 094, 34 059, 25 035,, 116 047, 58 939, 57 108,, 6 562, 3 244, 3 318,, 13 159, 2 118, 11 041
,Erzurum, 567 971, 279 955, 288 016,, 186 273, 100 727, 85 546,, 337 495, 169 049, 168 446,, 10 165, 4 672, 5 493,, 34 038, 5 507, 28 531
,Eskişehir, 749 285, 370 188, 379 097,, 202 804, 117 070, 85 734,, 451 898, 226 457, 225 441,, 43 299, 19 299, 24 000,, 51 284, 7 362, 43 922
,Gaziantep,1 490 588, 748 778, 741 810,, 437 781, 249 010, 188 771,, 944 279, 471 755, 472 524,, 47 765, 19 675, 28 090,, 60 763, 8 338, 52 425
,Giresun, 380 775, 189 146, 191 629,, 95 881, 55 534, 40 347,, 235 859, 120 289, 115 570,, 15 472, 8 288, 7 184,, 33 563, 5 035, 28 528
,Gümüşhane, 120 390, 60 192, 60 198,, 39 654, 21 502, 18 152,, 69 838, 35 793, 34 045,, 2 808, 1 571, 1 237,, 8 090, 1 326, 6 764
,Hakkari, 198 924, 104 345, 94 579,, 90 232, 51 055, 39 177,, 101 751, 51 811, 49 940,, 1 224,  670,  554,, 5 717,  809, 4 908
,Hatay,1 240 263, 618 248, 622 015,, 357 540, 204 638, 152 902,, 775 238, 385 978, 389 260,, 45 761, 19 595, 26 166,, 61 724, 8 037, 53 687
,Isparta, 366 341, 179 275, 187 066,, 97 117, 53 804, 43 313,, 229 609, 114 965, 114 644,, 14 438, 6 653, 7 785,, 25 177, 3 853, 21 324
,Mersin,1 491 564, 740 393, 751 171,, 414 451, 236 003, 178 448,, 910 335, 455 990, 454 345,, 85 455, 36 797, 48 658,, 81 323, 11 603, 69 720
,İstanbul,12 644 129,6 279 582,6 364 547,,4 007 324,2 242 914,1 764 410,,7 398 322,3 683 748,3 714 574,, 686 454, 281 651, 404 803,, 552 029, 71 269, 480 760
,İzmir,3 668 723,1 808 490,1 860 233,, 953 172, 555 414, 397 758,,2 206 539,1 101 962,1 104 577,, 279 279, 120 572, 158 707,, 229 733, 30 542, 199 191
,Kars, 205 414, 104 977, 100 437,, 68 019, 39 545, 28 474,, 122 510, 61 679, 60 831,, 3 461, 1 809, 1 652,, 11 424, 1 944, 9 480
,Kastamonu, 319 934, 156 961, 162 973,, 73 766, 40 829, 32 937,, 204 808, 104 354, 100 454,, 11 413, 5 935, 5 478,, 29 947, 5 843, 24 104
,Kayseri,1 115 285, 554 188, 561 097,, 295 203, 169 511, 125 692,, 712 618, 356 081, 356 537,, 45 272, 20 070, 25 202,, 62 192, 8 526, 53 666
,Kırklareli, 313 091, 157 890, 155 201,, 76 183, 46 942, 29 241,, 195 648, 98 710, 96 938,, 16 009, 8 202, 7 807,, 25 251, 4 036, 21 215
,Kırşehir, 198 365, 97 356, 101 009,, 52 571, 29 186, 23 385,, 123 762, 62 438, 61 324,, 8 000, 3 928, 4 072,, 14 032, 1 804, 12 228
,Kocaeli,1 611 987, 810 653, 801 334,, 435 919, 255 660, 180 259,,1 026 588, 512 575, 514 013,, 70 889, 30 998, 39 891,, 78 591, 11 420, 67 171
,Konya,1 773 482, 872 984, 900 498,, 465 049, 260 454, 204 595,,1 140 261, 569 843, 570 418,, 67 225, 28 286, 38 939,, 100 947, 14 401, 86 546
,Kütahya, 484 920, 237 937, 246 983,, 117 410, 67 314, 50 096,, 311 807, 155 811, 155 996,, 17 728, 8 632, 9 096,, 37 975, 6 180, 31 795
,Malatya, 635 852, 314 843, 321 009,, 187 667, 104 220, 83 447,, 389 222, 195 220, 194 002,, 21 421, 9 635, 11 786,, 37 542, 5 768, 31 774
,Manisa,1 179 152, 589 302, 589 850,, 273 942, 165 919, 108 023,, 769 181, 385 347, 383 834,, 52 933, 25 213, 27 720,, 83 096, 12 823, 70 273
,Kahramanmaraş, 869 455, 440 115, 429 340,, 238 234, 139 407, 98 827,, 562 171, 281 412, 280 759,, 28 247, 12 851, 15 396,, 40 803, 6 445, 34 358
,Mardin, 587 744, 291 869, 295 875,, 221 173, 116 962, 104 211,, 337 405, 168 842, 168 563,, 7 377, 3 060, 4 317,, 21 789, 3 005, 18 784
,Muğla, 868 376, 440 812, 427 564,, 214 630, 129 382, 85 248,, 538 451, 272 961, 265 490,, 65 865, 31 246, 34 619,, 49 430, 7 223, 42 207
,Muş, 269 865, 137 504, 132 361,, 99 077, 56 119, 42 958,, 158 281, 78 665, 79 616,, 2 167,  997, 1 170,, 10 340, 1 723, 8 617
,Nevşehir, 248 558, 121 127, 127 431,, 61 664, 33 761, 27 903,, 159 030, 79 854, 79 176,, 10 942, 4 951, 5 991,, 16 922, 2 561, 14 361
,Niğde, 284 457, 141 454, 143 003,, 76 876, 43 933, 32 943,, 178 896, 90 055, 88 841,, 10 640, 4 933, 5 707,, 18 045, 2 533, 15 512
,Ordu, 625 703, 310 261, 315 442,, 143 308, 82 750, 60 558,, 411 504, 207 716, 203 788,, 21 561, 10 959, 10 602,, 49 330, 8 836, 40 494
,Rize, 283 582, 141 227, 142 355,, 81 371, 46 580, 34 791,, 171 192, 87 396, 83 796,, 8 378, 4 409, 3 969,, 22 641, 2 842, 19 799
,Sakarya, 858 020, 427 340, 430 680,, 233 346, 134 551, 98 795,, 535 894, 268 512, 267 382,, 35 745, 16 260, 19 485,, 53 035, 8 017, 45 018
,Samsun,1 107 991, 543 273, 564 718,, 284 832, 159 041, 125 791,, 701 752, 350 599, 351 153,, 45 211, 20 451, 24 760,, 76 196, 13 182, 63 014
,Siirt, 223 850, 113 046, 110 804,, 87 616, 47 924, 39 692,, 126 171, 63 210, 62 961,, 1 849,  789, 1 060,, 8 214, 1 123, 7 091
,Sinop, 186 311, 92 247, 94 064,, 42 252, 23 983, 18 269,, 119 191, 60 933, 58 258,, 7 661, 4 051, 3 610,, 17 207, 3 280, 13 927
,Sivas, 511 456, 254 737, 256 719,, 144 501, 81 723, 62 778,, 314 226, 159 000, 155 226,, 16 009, 7 863, 8 146,, 36 720, 6 151, 30 569
,Tekirdağ, 904 678, 460 814, 443 864,, 223 409, 137 784, 85 625,, 585 966, 293 967, 291 999,, 44 878, 21 052, 23 826,, 50 425, 8 011, 42 414
,Tokat, 487 315, 240 312, 247 003,, 123 253, 70 106, 53 147,, 309 384, 155 701, 153 683,, 15 296, 7 767, 7 529,, 39 382, 6 738, 32 644
,Trabzon, 663 296, 326 829, 336 467,, 187 775, 104 500, 83 275,, 411 223, 207 108, 204 115,, 18 660, 8 517, 10 143,, 45 638, 6 704, 38 934
,Tunceli, 72 090, 38 196, 33 894,, 22 365, 13 654, 8 711,, 40 935, 21 676, 19 259,, 3 852, 2 064, 1 788,, 4 938,  802, 4 136
,Şanlıurfa,1 336 219, 667 345, 668 874,, 472 076, 253 952, 218 124,, 800 491, 399 933, 400 558,, 19 690, 7 792, 11 898,, 43 962, 5 668, 38 294
,Uşak, 308 212, 151 884, 156 328,, 72 183, 40 986, 31 197,, 198 363, 99 421, 98 942,, 16 752, 7 865, 8 887,, 20 914, 3 612, 17 302
,Van, 770 310, 392 696, 377 614,, 281 225, 158 765, 122 460,, 453 938, 226 421, 227 517,, 7 476, 3 245, 4 231,, 27 671, 4 265, 23 406
,Yozgat, 338 815, 169 102, 169 713,, 86 890, 49 419, 37 471,, 215 335, 109 628, 105 707,, 11 352, 6 072, 5 280,, 25 238, 3 983, 21 255
,Zonguldak, 492 994, 242 918, 250 076,, 123 202, 69 586, 53 616,, 309 781, 155 852, 153 929,, 23 682, 11 605, 12 077,, 36 329, 5 875, 30 454
,Aksaray, 330 837, 164 614, 166 223,, 86 775, 49 440, 37 335,, 211 680, 106 374, 105 306,, 14 190, 6 309, 7 881,, 18 192, 2 491, 15 701
,Bayburt, 68 525, 34 894, 33 631,, 24 422, 13 570, 10 852,, 38 696, 19 931, 18 765,, 1 243,  676,  567,, 4 164,  717, 3 447
,Karaman, 206 475, 102 411, 104 064,, 55 379, 31 291, 24 088,, 129 265, 64 951, 64 314,, 9 211, 4 257, 4 954,, 12 620, 1 912, 10 708
,Kırıkkale, 228 008, 113 263, 114 745,, 61 273, 34 694, 26 579,, 139 477, 70 806, 68 671,, 10 842, 5 396, 5 446,, 16 416, 2 367, 14 049
,Batman, 431 699, 217 471, 214 228,, 170 356, 92 145, 78 211,, 242 028, 121 362, 120 666,, 4 861, 1 975, 2 886,, 14 454, 1 989, 12 465
,Şırnak, 365 421, 192 826, 172 595,, 162 023, 92 261, 69 762,, 190 350, 97 884, 92 466,, 2 967, 1 479, 1 488,, 10 081, 1 202, 8 879
,Bartın, 171 805, 84 734, 87 071,, 42 583, 23 883, 18 700,, 108 724, 54 895, 53 829,, 7 059, 3 590, 3 469,, 13 439, 2 366, 11 073
,Ardahan, 74 469, 38 708, 35 761,, 21 238, 13 044, 8 194,, 45 923, 23 554, 22 369,, 1 574,  988,  586,, 5 734, 1 122, 4 612
,Iğdır, 146 761, 75 773, 70 988,, 50 142, 29 716, 20 426,, 85 738, 43 161, 42 577,, 4 032, 1 932, 2 100,, 6 849,  964, 5 885
,Yalova, 239 095, 118 714, 120 381,, 66 145, 38 215, 27 930,, 144 011, 72 266, 71 745,, 14 417, 6 202, 8 215,, 14 522, 2 031, 12 491
,Karabük, 213 433, 106 336, 107 097,, 65 627, 37 297, 28 330,, 123 963, 62 264, 61 699,, 8 495, 4 237, 4 258,, 15 348, 2 538, 12 810
,Kilis, 107 038, 53 466, 53 572,, 31 964, 17 449, 14 515,, 66 226, 33 888, 32 338,, 2 875, 1 308, 1 567,, 5 973,  821, 5 152
,Osmaniye, 418 895, 209 714, 209 181,, 116 846, 66 860, 49 986,, 265 864, 132 926, 132 938,, 14 110, 6 622, 7 488,, 22 075, 3 306, 18 769
,Düzce, 324 415, 161 666, 162 749,, 86 775, 49 856, 36 919,, 202 704, 101 996, 100 708,, 14 037, 6 810, 7 227,, 20 899, 3 004, 17 895
"TÜİK, Adrese Dayalı Nüfus Kayıt Sistemi Sonuçları, 2023",,,,,,,,,,,,,,,,,,,,
"TurkStat, The Results of Address Based Population Registration System, 2023",,,,,,,,,,,,,,,,,,,,
Yabancı nüfus dahil edilmiştir.,,,,,,,,,,,,,,,,,,,,
Foreign population is included.,,,,,,,,,,,,,,,,,,,,
