"İl düzeyinde işgücü göstergeleri, 2023",,,,,,,,,,,,,,,,,,
"Labour force indicators by province, 2023",,,,,,,,,,,,,,,,,,
,,,,,,,,,,,,,,,(%),,,
,,"İşgücüne katılma oranı
Labour force participation rate",,,,,"İstihdam oranı     
Employment rate                 ",,,,,"İşsizlik oranı
Unemployment rate ",,,,,,
"İstatistiki bölge birimleri sınıflaması (3. Düzey)
Statistical regions (Level 3)",,"Oran
Rate",,"%95 Güven aralığı
95% Confidence intervals",,,"Oran
Rate",,"%95 Güven aralığı
95% Confidence intervals",,,"Oran
Rate",,"%95 Güven aralığı
95% Confidence intervals",,,,
,,,,"Alt sınır
Lower limit","Üst sınır
Upper limit",,,,"Alt sınır
Lower limit","Üst sınır
Upper limit",,,,"Alt sınır
Lower limit","Üst sınır
Upper limit",,,
TR,Türkiye,53.3,,53.1,53.5,,48.3,,48.0,48.6,,9.4,,9.2,9.6,,,
TR100,İstanbul,57.0,,56.2,57.7,,51.9,,51.2,52.6,,8.9,,8.4,9.4,,,
TR211,Tekirdağ,60.6,,58.6,62.6,,56.2,,54.1,58.3,,7.3,,6.1,8.5,,,
TR212,Edirne,59.2,,56.2,62.3,,54.8,,51.6,58.0,,7.5,,5.4,9.5,,,
TR213,Kırklareli,54.1,,51.1,57.2,,49.4,,46.4,52.5,,8.7,,7.0,10.4,,,
TR221,Balıkesir,52.2,,50.4,54.1,,49.2,,47.4,51.0,,5.8,,4.9,6.8,,,
TR222,Çanakkale,52.5,,49.9,55.2,,49.1,,46.5,51.6,,6.6,,5.1,8.0,,,
TR310,İzmir,54.1,,52.9,55.2,,47.9,,46.7,49.1,,11.4,,10.5,12.3,,,
TR321,Aydın,52.7,,50.4,55.0,,47.4,,44.9,49.9,,10.1,,8.2,12.0,,,
TR322,Denizli,54.7,,52.6,56.8,,50.3,,48.1,52.5,,8.1,,6.8,9.4,,,
TR323,Muğla,55.4,,53.2,57.6,,52.0,,49.8,54.2,,6.1,,5.0,7.3,,,
TR331,Manisa,57.4,,55.6,59.2,,53.8,,51.9,55.8,,6.3,,5.2,7.3,,,
TR332,Afyonkarahisar,54.9,,52.0,57.8,,50.5,,47.5,53.5,,8.0,,6.3,9.8,,,
TR333,Kütahya,52.3,,48.6,56.0,,48.5,,44.5,52.4,,7.3,,5.3,9.3,,,
TR334,Uşak,53.1,,50.3,55.9,,48.5,,45.6,51.5,,8.6,,6.8,10.3,,,
TR411,Bursa,56.0,,54.7,57.2,,51.3,,50.1,52.6,,8.3,,7.3,9.2,,,
TR412,Eskişehir,52.9,,50.9,55.0,,48.7,,46.6,50.7,,8.0,,6.7,9.4,,,
TR413,Bilecik,53.1,,49.1,57.1,,49.3,,45.1,53.5,,7.2,,5.3,9.2,,,
TR421,Kocaeli,58.6,,56.9,60.3,,53.3,,51.7,54.9,,9.1,,8.0,10.1,,,
TR422,Sakarya,58.6,,56.4,60.8,,53.7,,51.4,56.0,,8.3,,6.8,9.8,,,
TR423,Düzce,59.1,,57.0,61.1,,53.5,,51.6,55.5,,9.4,,7.9,10.9,,,
TR424,Bolu,58.2,,54.3,62.2,,53.3,,49.3,57.2,,8.5,,6.6,10.4,,,
TR425,Yalova,53.8,,50.7,56.9,,48.1,,45.3,50.9,,10.7,(1),7.6,13.8,,,
TR510,Ankara,54.6,,53.6,55.5,,48.5,,47.5,49.5,,11.2,,10.3,12.1,,,
TR521,Konya,52.0,,50.4,53.5,,48.9,,47.3,50.5,,6.0,,5.3,6.7,,,
TR522,Karaman,54.5,,51.5,57.5,,50.8,,47.5,54.0,,6.9,,5.1,8.8,,,
TR611,Antalya,59.5,,58.1,60.9,,55.1,,53.6,56.6,,7.4,,6.5,8.3,,,
TR612,Isparta,54.7,,51.0,58.3,,50.6,,47.1,54.1,,7.4,,6.1,8.8,,,
TR613,Burdur,55.0,,51.9,58.1,,52.2,,49.0,55.4,,5.1,,3.8,6.3,,,
TR621,Adana,50.9,,49.4,52.4,,43.7,,42.1,45.4,,14.0,,12.7,15.4,,,
TR622,Mersin,49.5,,47.6,51.4,,46.0,,44.1,47.9,,7.1,,5.8,8.3,,,
TR631,Hatay,45.1,,43.1,47.0,,38.0,,35.9,40.2,,15.6,,13.4,17.8,,,
TR632,Kahramanmaraş,45.6,,43.2,48.0,,39.0,,36.6,41.3,,14.6,,12.6,16.6,,,
TR633,Osmaniye,47.3,,44.4,50.2,,39.4,,36.7,42.1,,16.7,,13.5,20.0,,,
TR711,Kırıkkale,46.6,,43.9,49.2,,41.1,,38.5,43.7,,11.8,,9.0,14.6,,,
TR712,Aksaray,50.3,,47.8,52.8,,46.6,,44.1,49.2,,7.3,,5.6,9.0,,,
TR713,Niğde,48.8,,45.9,51.6,,44.2,,41.4,47.0,,9.3,,7.4,11.3,,,
TR714,Nevşehir,53.0,,50.3,55.6,,50.1,,47.4,52.8,,5.5,,4.2,6.7,,,
TR715,Kırşehir,44.3,,41.4,47.1,,39.5,,36.6,42.5,,10.7,,8.7,12.8,,,
TR721,Kayseri,50.0,,48.2,51.8,,45.2,,43.3,47.1,,9.5,,8.3,10.8,,,
TR722,Sivas,51.1,,48.1,54.1,,45.9,,42.8,48.9,,10.3,,8.0,12.5,,,
TR723,Yozgat,52.7,,49.5,56.0,,49.2,,46.0,52.5,,6.7,,5.3,8.1,,,
TR811,Zonguldak,52.7,,50.2,55.1,,46.9,,44.4,49.4,,11.0,,9.3,12.6,,,
TR812,Karabük,49.5,,45.8,53.3,,43.7,,39.9,47.5,,11.8,,9.6,14.0,,,
TR813,Bartın,55.2,,51.5,58.8,,50.7,,46.8,54.6,,8.1,,6.2,10.0,,,
TR821,Kastamonu,53.9,,49.8,57.9,,51.2,,47.1,55.4,,4.9,,3.7,6.1,,,
TR822,Çankırı,51.9,,47.6,56.2,,49.2,,44.8,53.6,,5.2,,3.1,7.2,,,
TR823,Sinop,53.6,,49.0,58.1,,51.0,,46.1,55.8,,4.8,,3.3,6.4,,,
TR831,Samsun,55.4,,52.6,58.1,,50.2,,47.2,53.2,,9.4,,7.8,10.9,,,
TR832,Tokat,54.1,,50.7,57.4,,50.3,,46.9,53.7,,6.9,,5.3,8.6,,,
TR833,Çorum,48.1,,45.0,51.2,,44.3,,41.2,47.3,,8.1,,6.4,9.7,,,
TR834,Amasya,52.1,,48.2,55.9,,47.4,,43.8,51.1,,8.9,,7.2,10.6,,,
TR901,Trabzon,56.8,,54.3,59.4,,52.5,,49.8,55.1,,7.7,,6.4,9.0,,,
TR902,Ordu,55.1,,53.3,56.8,,50.8,,49.1,52.5,,7.7,,6.4,8.9,,,
TR903,Giresun,58.3,,55.5,61.1,,53.4,,50.4,56.3,,8.5,,6.0,10.9,,,
TR904,Rize,57.4,,54.8,60.0,,52.5,,49.8,55.1,,8.7,,6.9,10.5,,,
TR905,Artvin,57.3,,52.1,62.5,,51.4,,46.4,56.4,,10.3,,6.7,13.9,,,
TR906,Gümüşhane,51.9,,47.1,56.6,,44.5,,40.0,49.0,,14.1,,10.7,17.5,,,
TRA11,Erzurum,51.9,,48.4,55.4,,48.1,,44.3,51.8,,7.3,,5.7,9.0,,,
TRA12,Erzincan,49.1,,46.1,52.1,,45.4,,42.3,48.5,,7.5,,6.1,9.0,,,
TRA13,Bayburt,52.9,,48.5,57.3,,49.4,,44.7,54.0,,6.7,,4.4,9.0,,,
TRA21,Ağrı,48.7,,46.9,50.4,,41.5,,39.7,43.4,,14.6,,12.6,16.7,,,
TRA22,Kars,56.9,,53.9,59.9,,52.5,,49.1,55.9,,7.7,,6.0,9.5,,,
TRA23,Iğdır,55.8,,53.0,58.7,,48.0,,44.7,51.4,,14.0,,11.5,16.5,,,
TRA24,Ardahan,61.7,,57.9,65.5,,58.2,,54.4,61.9,,5.8,,4.3,7.2,,,
TRB11,Malatya,46.9,,43.5,50.4,,43.9,,40.3,47.6,,6.4,,5.0,7.9,,,
TRB12,Elazığ,47.1,,44.7,49.4,,43.3,,41.1,45.6,,7.9,,6.0,9.8,,,
TRB13,Bingöl,48.1,,45.1,51.0,,44.3,,41.1,47.4,,7.9,,6.0,9.8,,,
TRB14,Tunceli,48.8,,44.5,53.1,,45.4,,40.6,50.2,,7.0,,4.5,9.4,,,
TRB21,Van,47.5,,45.8,49.3,,38.5,,36.4,40.5,,19.1,,16.9,21.3,,,
TRB22,Muş,49.8,,45.4,54.1,,43.8,,38.9,48.6,,12.1,(1),8.6,15.6,,,
TRB23,Bitlis,47.9,(1),41.5,54.2,,42.2,(1),36.5,48.0,,11.7,(1),8.6,14.9,,,
TRB24,Hakkari,49.9,(1),44.1,55.7,,38.2,(1),32.6,43.9,,23.3,(1),18.1,28.6,,,
TRC11,Gaziantep,49.1,,47.4,50.9,,44.4,,42.6,46.3,,9.6,,8.3,10.8,,,
TRC12,Adıyaman,44.9,,41.9,47.9,,39.4,,36.6,42.2,,12.2,,9.9,14.5,,,
TRC13,Kilis,50.0,,45.9,54.0,,44.6,,40.3,48.9,,10.7,,8.1,13.4,,,
TRC21,Şanlıurfa,45.5,,43.2,47.7,,41.0,,38.7,43.3,,9.9,,8.1,11.7,,,
TRC22,Diyarbakır,40.8,,38.5,43.0,,35.9,,33.6,38.3,,11.9,,10.0,13.8,,,
TRC31,Mardin,43.5,,39.8,47.3,,39.0,,35.2,42.8,,10.5,,8.3,12.7,,,
TRC32,Batman,42.5,,38.9,46.1,,37.0,,32.9,41.1,,12.9,(1),9.3,16.6,,,
TRC33,Şırnak,42.5,,38.8,46.2,,36.9,,33.4,40.4,,13.1,,10.7,15.6,,,
TRC34,Siirt,38.5,,34.4,42.7,,35.5,,31.3,39.6,,8.0,(1),5.2,10.8,,,
,,,,,,,,,,,,,,,,,,
"Kaynak: TÜİK, İşgücü İstatistikleri",,,,,,,,,,,,,,,,,,
"Source: TURKSTAT, Labour Force Statistics",,,,,,,,,,,,,,,,,,
(1) Örnekleme ve/veya örnekleme dışı hatalardan kaynaklı olarak ilgili tahmin ihtiyatlı kullanılmalıdır.,,,,,,,,,,,,,,,,,,
(1) The estimate should be used with caution due to sampling and/or non-sampling errors.,,,,,,,,,,,,,,,,,,
,,,,,,,,,,,,,,,,,,
,,,,,,,,,,,,,,,,,,
,,,,,,,,,,,,,,,,,,
,,,,,,,,,,,,,,,,,,
,,,,,,,,,,,,,,,,,,
,,,,,,,,,,,,,,,,,,
,,,,,,,,,,,,,,,,,,
,,,,,,,,,,,,,,,,,,
,,,,,,,,,,,,,,,,,,
,,,,,,,,,,,,,,,,,,
,,,,,,,,,,,,,,,,,,
,,,,,,,,,,,,,,,,,,
,,,,,,,,,,,,,,,,,,
,,,,,,,,,,,,,,,,,,
